{
  "rows": 1584,
  "cols": 1584,
  "total_pairs": 2509056,
  "nonzero_pairs": 29172,
  "coverage_ratio": 0.011626683501683503,
  "dataset": "car_qwen25_hidden_v1_oof_candidate_seed50",
  "transition_variant": "decay_multi",
  "score_all_pairs": false,
  "oof_overlap": true,
  "oof_folds": 3,
  "oof_scored_edges": 14500,
  "oof_full_score_mean": 0.8634416460990906,
  "oof_full_score_median": 0.9418489933013916,
  "oof_full_score_p10": 0.6098908722400666,
  "oof_full_score_p25": 0.8278987407684326,
  "oof_full_score_p75": 0.9826682955026627,
  "oof_full_score_p90": 0.9933053493499756,
  "oof_score_mean": 0.7657420635223389,
  "oof_score_median": 0.9152646660804749,
  "oof_score_p10": 0.21254178881645205,
  "oof_score_p25": 0.6431919634342194,
  "oof_score_p75": 0.984422966837883,
  "oof_score_p90": 0.9967559218406677,
  "oof_gap_full_minus_oof_mean": 0.09769952297210693,
  "oof_gap_full_minus_oof_median": 0.013210147619247437,
  "oof_gap_full_minus_oof_p10": -0.05660692453384399,
  "oof_gap_full_minus_oof_p25": -0.010595306754112244,
  "oof_gap_full_minus_oof_p75": 0.16339367628097534,
  "oof_gap_full_minus_oof_p90": 0.42185974717140207,
  "oof_mean_gap_full_minus_oof": 0.09769952297210693,
  "oof_spearman_full_vs_oof": 0.8053631718685527,
  "oof_positive_topk_retained": 13014,
  "oof_positive_topk_retention_ratio": 0.8975172413793103,
  "scored_pair_count": 52223,
  "candidate_coverage_ratio": 0.020826952404652974,
  "output_path": "/opt/data/private/wzx/standalone_salt_fullsem_mainline/data/car_qwen25_hidden_v1_oof_candidate_seed50/standard/train/transition_T_llm.npz",
  "artifact_transition": "/opt/data/private/wzx/standalone_salt_fullsem_mainline/data/car_qwen25_hidden_v1_oof_candidate_seed50/artifacts/oof_candidate.npz",
  "artifact_oof_diagnostics": "/opt/data/private/wzx/standalone_salt_fullsem_mainline/data/car_qwen25_hidden_v1_oof_candidate_seed50/artifacts/oof_candidate_oof_score_diagnostics.npz"
}